{
	"format_version": "1.8.0",
	"animations": {
		"animation.gearrat.idle": {
			"loop": true,
			"animation_length": 1,
			"bones": {
				"head": {
					"rotation": {
						"0.0": {
							"vector": [0, 0, 0]
						},
						"0.25": {
							"vector": [-5, 0, 0]
						},
						"0.5": {
							"vector": [0, 0, 0]
						},
						"0.75": {
							"vector": [2.5, 0, 0]
						},
						"1.0": {
							"vector": [0, 0, 0]
						}
					},
					"position": {
						"0.0": {
							"vector": [0, 0, 0]
						},
						"0.5": {
							"vector": [0, -0.5, 0],
							"easing": "easeInOutSine"
						},
						"1.0": {
							"vector": [0, 0, 0],
							"easing": "easeInOutSine"
						}
					}
				},
				"tail": {
					"rotation": {
						"0.0": {
							"vector": [0, 5, 0]
						},
						"0.25": {
							"vector": [11.31609, 4.96269, 0.4375]
						},
						"0.5": {
							"vector": [10.04624, -4.88119, -1.08482],
							"easing": "linear"
						},
						"0.75": {
							"vector": [1.27787, -4.93936, -0.65378]
						},
						"1.0": {
							"vector": [0, 5, 0]
						}
					}
				},
				"cog": {
					"rotation": {
						"0.0": {
							"vector": [0, 0, 0]
						},
						"1.0": {
							"vector": [0, 360, 0]
						}
					}
				},
				"leftear": {
					"rotation": {
						"0.0": {
							"vector": [2.6089, 2.38613, 2.6089]
						},
						"0.25": {
							"vector": [-2.61606, -5.11534, -7.04422]
						},
						"0.5": {
							"vector": [2.41299, 0.33361, 2.71758]
						},
						"0.75": {
							"vector": [8.44108, 7.44189, 10.59262]
						},
						"1.0": {
							"vector": [2.6089, 2.38613, 2.6089]
						}
					}
				},
				"rightear": {
					"rotation": {
						"0.0": {
							"vector": [2.6089, -2.38613, -2.6089]
						},
						"0.25": {
							"vector": [-2.61606, 5.11534, 7.04422]
						},
						"0.5": {
							"vector": [2.41299, -0.33361, -2.71758]
						},
						"0.75": {
							"vector": [8.44108, -7.44189, -10.59262]
						},
						"1.0": {
							"vector": [2.6089, -2.38613, -2.6089]
						}
					}
				}
			}
		}
	},
	"geckolib_format_version": 2
}